{
  "agent_handover_setting": {
    "consecutive_count": {
      "enabled": true,
      "value": 3
    },
    "fallback_count": {
      "enabled": true,
      "value": 3
    },
    "handover_after_retries": false,
    "partial_match_count": {
      "enabled": true,
      "value": 3
    },
    "response_flag": true
  },
  "algorithm": {
    "algo_configuration": {
      "article_level_match": false,
      "automatic_wordform_expansion": true,
      "expand_contractions": true,
      "infer_configuration": {
        "replace_entities_in_inference": true,
        "spellcheck_in_inference": true
      },
      "n_results": 3,
      "n_results_partial_entity": 3,
      "n_results_related_entity": 3,
      "remove_specialchars": false,
      "remove_stopwords": false,
      "slots_before_intents": true,
      "threshold_diff_score": 0.05,
      "threshold_min_score": 0.3,
      "threshold_partial_entity": 0.3,
      "threshold_related_entity": 0.6,
      "vectorizer": "",
      "wordforms_mode": [
        "synonym",
        "wordforms"
      ]
    },
    "entity_recognition": false,
    "id": "deeppavlov",
    "is_third_party": false
  },
  "allow_agent_handover": false,
  "allow_curation": true,
  "allow_feedback": false,
  "bot_metadata": {
    "locale": "en_GB",
    "timezone": "America/Los_Angeles"
  },
  "bot_type": "mlbot",
  "curation_settings": {
    "agent_handover": {
      "enabled": true
    },
    "downvoted": {
      "enabled": true
    },
    "fallback": {
      "enabled": true,
      "none_in_fallback_rule": {
        "enabled": false
      }
    },
    "from_session": {
      "enabled": true
    },
    "low_confidence": {
      "enabled": true,
      "low_confidence_score": 0.4
    },
    "partial_match": {
      "enabled": true
    }
  },
  "default_language": "en-US",
  "description": "",
  "entities": [
    {
      "auto_complete": false,
      "color": "#57b2ab",
      "data": {
        "length": 6
      },
      "name": "order_number",
      "roles": [],
      "system_entity": false,
      "type": "digits"
    },
    {
      "auto_complete": false,
      "color": "#08b3e1",
      "data": {},
      "name": "first_name",
      "roles": [],
      "system_entity": true,
      "type": "person"
    },
    {
      "auto_complete": false,
      "color": "#a376c1",
      "data": {
        "values": [
          {
            "synonyms": [],
            "value": "envelope"
          },
          {
            "synonyms": [],
            "value": "small box"
          },
          {
            "synonyms": [],
            "value": "large box"
          },
          {
            "synonyms": [],
            "value": "medium box"
          },
          {
            "synonyms": [],
            "value": "pallet"
          }
        ]
      },
      "name": "package_type",
      "roles": [],
      "system_entity": false,
      "type": "custom"
    },
    {
      "auto_complete": false,
      "color": "#ae816d",
      "data": {},
      "name": "pickup_address",
      "roles": [],
      "system_entity": true,
      "type": "geo_location"
    },
    {
      "auto_complete": false,
      "color": "#f49fb1",
      "data": {},
      "name": "delivery_address",
      "roles": [],
      "system_entity": true,
      "type": "geo_location"
    },
    {
      "auto_complete": false,
      "color": "#322bc6",
      "data": {
        "length": 5
      },
      "name": "package_weight",
      "roles": [],
      "system_entity": false,
      "type": "digits"
    },
    {
      "auto_complete": false,
      "color": "#676f9d",
      "data": {},
      "name": "package_value",
      "roles": [],
      "system_entity": true,
      "type": "money"
    },
    {
      "auto_complete": false,
      "color": "#3161f6",
      "data": {
        "output_format": "mm-dd-YYYY"
      },
      "name": "pickup_date",
      "roles": [],
      "system_entity": false,
      "type": "date"
    },
    {
      "auto_complete": false,
      "color": "#01b090",
      "data": {},
      "name": "sender_name",
      "roles": [],
      "system_entity": true,
      "type": "person"
    },
    {
      "auto_complete": false,
      "color": "#26a3b8",
      "data": {
        "output_format": "mm/dd/YYYY"
      },
      "name": "est_delivery_date",
      "roles": [],
      "system_entity": false,
      "type": "date"
    }
  ],
  "error_message": "",
  "first_message": "",
  "intents": [
    {
      "auto_complete_entities": false,
      "description": "Generate prompt for customers asking for help.",
      "end_conversation": false,
      "entities": [],
      "entry_context": [],
      "exit_context": [],
      "intent_id": "help",
      "name": "Help",
      "reset_state": true,
      "template_key": "Help message",
      "update_slots": false,
      "variants": {
        "en-US": {
          "utterances": [
            {
              "entities": [],
              "utterance": "What can you do?"
            },
            {
              "entities": [],
              "utterance": "How can you help?"
            },
            {
              "entities": [],
              "utterance": "Help"
            },
            {
              "entities": [],
              "utterance": "What do you do?"
            },
            {
              "entities": [],
              "utterance": "Could you please help me"
            },
            {
              "entities": [],
              "generated": true,
              "transaction_id": "ed26df184ae644c393af897c9b586c65",
              "utterance": "I'm looking for guidance, can you assist me?"
            }
          ]
        }
      }
    },
    {
      "auto_complete_entities": false,
      "entities": [],
      "intent_id": "none",
      "name": "Default fallback intent",
      "reset_state": true,
      "template_key": "Fallback message",
      "update_slots": false,
      "variants": {
        "en-US": {
          "utterances": []
        }
      }
    },
    {
      "entities": [],
      "intent_id": "good_bye",
      "name": "Goodbye",
      "reset_state": true,
      "template_key": "Goodbye",
      "update_slots": false,
      "variants": {
        "en-US": {
          "utterances": [
            {
              "entities": [],
              "utterance": "Goodbye"
            },
            {
              "entities": [],
              "utterance": "Adieu"
            },
            {
              "entities": [],
              "utterance": "Adios"
            },
            {
              "entities": [],
              "utterance": "Bye"
            },
            {
              "entities": [],
              "utterance": "Good bye"
            },
            {
              "entities": [],
              "utterance": "Catch you later"
            },
            {
              "entities": [],
              "utterance": "G2G"
            },
            {
              "entities": [],
              "utterance": "Ciao"
            },
            {
              "entities": [],
              "utterance": "CYA"
            },
            {
              "entities": [],
              "utterance": "C-ya"
            },
            {
              "entities": [],
              "utterance": "Fare thee well"
            },
            {
              "entities": [],
              "utterance": "Catch ya later"
            },
            {
              "entities": [],
              "utterance": "gotta go"
            },
            {
              "entities": [],
              "utterance": "See you later"
            },
            {
              "entities": [],
              "utterance": "See ya later"
            }
          ]
        }
      }
    },
    {
      "entities": [],
      "intent_id": "greetings",
      "name": "Greetings",
      "reset_state": true,
      "template_key": "Greetings",
      "update_slots": false,
      "variants": {
        "en-US": {
          "utterances": [
            {
              "entities": [],
              "utterance": "Hello"
            },
            {
              "entities": [],
              "utterance": "Hello there"
            },
            {
              "entities": [],
              "utterance": "Ahoy"
            },
            {
              "entities": [],
              "utterance": "Hey pal"
            },
            {
              "entities": [],
              "utterance": "Greetings and salutations"
            },
            {
              "entities": [],
              "utterance": "G'day"
            },
            {
              "entities": [],
              "utterance": "Good day"
            },
            {
              "entities": [],
              "utterance": "Heya"
            },
            {
              "entities": [],
              "utterance": "Well hey there"
            },
            {
              "entities": [],
              "utterance": "Yo dude"
            },
            {
              "entities": [],
              "utterance": "Hey-hey"
            },
            {
              "entities": [],
              "utterance": "Hi"
            },
            {
              "entities": [],
              "utterance": "Hi there!"
            },
            {
              "entities": [],
              "utterance": "Hiya"
            },
            {
              "entities": [],
              "utterance": "Howdy"
            },
            {
              "entities": [],
              "utterance": "evenin"
            },
            {
              "entities": [],
              "utterance": "Good evening"
            },
            {
              "entities": [],
              "utterance": "Good morning sunshine"
            },
            {
              "entities": [],
              "utterance": "Mornin'"
            },
            {
              "entities": [],
              "utterance": "Good morning"
            },
            {
              "entities": [],
              "utterance": "Good night"
            },
            {
              "entities": [],
              "utterance": "G'night"
            },
            {
              "entities": [],
              "utterance": "Sweet dreams"
            },
            {
              "entities": [],
              "utterance": "Nighty night"
            }
          ]
        }
      }
    },
    {
      "entities": [],
      "intent_id": "not_helpful",
      "name": "Not helpful",
      "reset_state": true,
      "template_key": "Not helpful",
      "update_slots": false,
      "variants": {
        "en-US": {
          "utterances": [
            {
              "entities": [],
              "utterance": "That was unhelpful"
            },
            {
              "entities": [],
              "utterance": "That's inaccurate"
            },
            {
              "entities": [],
              "utterance": "That was a terrible answer"
            },
            {
              "entities": [],
              "utterance": "That wasn't True"
            },
            {
              "entities": [],
              "utterance": "Not what I asked"
            },
            {
              "entities": [],
              "utterance": "That's not a good answer"
            },
            {
              "entities": [],
              "utterance": "That's not relevant"
            },
            {
              "entities": [],
              "utterance": "Not True"
            },
            {
              "entities": [],
              "utterance": "Not even close"
            },
            {
              "entities": [],
              "utterance": "That was a stupid answer"
            },
            {
              "entities": [],
              "utterance": "Inaccurate"
            },
            {
              "entities": [],
              "utterance": "False"
            },
            {
              "entities": [],
              "utterance": "That's wrong"
            },
            {
              "entities": [],
              "utterance": "Answers are not very good"
            },
            {
              "entities": [],
              "utterance": "Answers are irrelevant"
            },
            {
              "entities": [],
              "utterance": "Responses aren't relevant"
            },
            {
              "entities": [],
              "utterance": "Responses are unTrue"
            },
            {
              "entities": [],
              "utterance": "Responses are dumb"
            },
            {
              "entities": [],
              "utterance": "Responses are stupid"
            },
            {
              "entities": [],
              "utterance": "Didn't answer my question"
            },
            {
              "entities": [],
              "utterance": "Wrong answer"
            },
            {
              "entities": [],
              "utterance": "Explain yourself"
            },
            {
              "entities": [],
              "utterance": "I'm confused"
            },
            {
              "entities": [],
              "utterance": "I don't understand"
            },
            {
              "entities": [],
              "utterance": "I don't get it"
            },
            {
              "entities": [],
              "utterance": "That made no sense"
            },
            {
              "entities": [],
              "utterance": "That didn't make sense"
            },
            {
              "entities": [],
              "utterance": "You are confusing me"
            }
          ]
        }
      }
    },
    {
      "entities": [],
      "intent_id": "thank_you",
      "name": "Thank you",
      "reset_state": true,
      "template_key": "Thank you",
      "update_slots": false,
      "variants": {
        "en-US": {
          "utterances": [
            {
              "entities": [],
              "utterance": "Thank you"
            },
            {
              "entities": [],
              "utterance": "Many thanks"
            },
            {
              "entities": [],
              "utterance": "Kthx"
            },
            {
              "entities": [],
              "utterance": "I appreciate that"
            },
            {
              "entities": [],
              "utterance": "Thx"
            },
            {
              "entities": [],
              "utterance": "Thnx"
            },
            {
              "entities": [],
              "utterance": "Thanks bot"
            },
            {
              "entities": [],
              "utterance": "Thanks a lot"
            },
            {
              "entities": [],
              "utterance": "Thank you"
            },
            {
              "entities": [],
              "utterance": "Thanks"
            }
          ]
        }
      }
    },
    {
      "auto_complete_entities": false,
      "description": "",
      "end_conversation": false,
      "entities": [],
      "entry_context": [],
      "exit_context": [],
      "intent_id": "agent",
      "name": "Talk to an agent",
      "reset_state": true,
      "template_key": "Agent handover",
      "update_slots": false,
      "variants": {
        "en-US": {
          "utterances": [
            {
              "entities": [],
              "utterance": "Can I talk to a human?"
            },
            {
              "entities": [],
              "utterance": "agent"
            },
            {
              "entities": [],
              "utterance": "human"
            },
            {
              "entities": [],
              "utterance": "Connect me to a human"
            },
            {
              "entities": [],
              "utterance": "Chat with agent"
            },
            {
              "entities": [],
              "utterance": "Can I speak with someone?"
            },
            {
              "entities": [],
              "generated": true,
              "transaction_id": "bbeb8982ce614361b27d700cc3b79762",
              "utterance": "I need to speak to a real person, please."
            },
            {
              "entities": [],
              "generated": true,
              "transaction_id": "bbeb8982ce614361b27d700cc3b79762",
              "utterance": "Could you connect me with an agent?"
            },
            {
              "entities": [],
              "generated": true,
              "transaction_id": "bbeb8982ce614361b27d700cc3b79762",
              "utterance": "Is there a way to chat with a human representative?"
            },
            {
              "entities": [],
              "generated": true,
              "transaction_id": "bbeb8982ce614361b27d700cc3b79762",
              "utterance": "I would like to talk to someone who can help me."
            },
            {
              "entities": [],
              "generated": true,
              "transaction_id": "bbeb8982ce614361b27d700cc3b79762",
              "utterance": "Please transfer me to a customer service agent."
            }
          ]
        }
      }
    },
    {
      "auto_complete_entities": false,
      "description": "",
      "end_conversation": false,
      "entities": [
        {
          "counter": 3,
          "entity_name": "order_number",
          "required": true,
          "role_name": "",
          "template_key": "order_number"
        },
        {
          "counter": 3,
          "entity_name": "first_name",
          "required": true,
          "role_name": "",
          "template_key": "first_name"
        },
        {
          "counter": 3,
          "entity_name": "pickup_address",
          "required": false,
          "role_name": "",
          "template_key": "Fallback message"
        }
      ],
      "entry_context": [],
      "exit_context": [],
      "intent_id": "1",
      "name": "track_order",
      "reset_state": false,
      "restart_template": "",
      "template_key": "track_order_wait",
      "update_slots": false,
      "variants": {
        "en-US": {
          "utterances": [
            {
              "entities": [],
              "generated": false,
              "utterance": "I would like to track my order"
            },
            {
              "entities": [],
              "generated": false,
              "utterance": "Can you track my order please"
            },
            {
              "entities": [
                {
                  "end": 30,
                  "entity_name": "order_number",
                  "role_name": "",
                  "start": 24,
                  "type": "digits",
                  "value": "123456"
                }
              ],
              "generated": false,
              "utterance": "can you track the order 123456"
            },
            {
              "entities": [
                {
                  "end": 30,
                  "entity_name": "order_number",
                  "role_name": "",
                  "start": 24,
                  "type": "digits",
                  "value": "123456"
                },
                {
                  "end": 39,
                  "entity_name": "first_name",
                  "role_name": "",
                  "start": 35,
                  "type": "person",
                  "value": "John"
                }
              ],
              "generated": false,
              "utterance": "I'd like to track order 123456 for John."
            },
            {
              "entities": [],
              "generated": true,
              "transaction_id": "9ead1259a4594e74a0fcef0e94a340be",
              "utterance": "How can I check the status of my order?"
            },
            {
              "entities": [],
              "generated": true,
              "transaction_id": "9ead1259a4594e74a0fcef0e94a340be",
              "utterance": "Please help me find my order status."
            },
            {
              "entities": [],
              "generated": true,
              "transaction_id": "9ead1259a4594e74a0fcef0e94a340be",
              "utterance": "I'd like to see where my order is right now."
            },
            {
              "entities": [],
              "generated": true,
              "transaction_id": "9ead1259a4594e74a0fcef0e94a340be",
              "utterance": "Can you give me an update on my recent order?"
            },
            {
              "entities": [
                {
                  "end": 56,
                  "entity_name": "order_number",
                  "role_name": "",
                  "start": 50,
                  "type": "digits",
                  "value": "789012"
                }
              ],
              "generated": true,
              "transaction_id": "9ead1259a4594e74a0fcef0e94a340be",
              "utterance": "What’s the current tracking info for order number 789012?"
            },
            {
              "entities": [],
              "generated": true,
              "transaction_id": "1038c0544f0b4274a8274b2548c600b4",
              "utterance": "I’d like to know where my order is, could you help me track it down?"
            },
            {
              "entities": [
                {
                  "end": 61,
                  "entity_name": "first_name",
                  "role_name": "",
                  "start": 56,
                  "type": "person",
                  "value": "Sarah"
                },
                {
                  "end": 93,
                  "entity_name": "order_number",
                  "role_name": "",
                  "start": 87,
                  "type": "digits",
                  "value": "456789"
                }
              ],
              "generated": true,
              "transaction_id": "1038c0544f0b4274a8274b2548c600b4",
              "utterance": "What’s the latest on my order, please? My first name is Sarah, and the order number is 456789."
            },
            {
              "entities": [
                {
                  "end": 69,
                  "entity_name": "order_number",
                  "role_name": "",
                  "start": 63,
                  "type": "digits",
                  "value": "321654"
                }
              ],
              "generated": true,
              "transaction_id": "1038c0544f0b4274a8274b2548c600b4",
              "utterance": "Can you provide me with the current status of my order, number 321654?"
            },
            {
              "entities": [],
              "generated": true,
              "transaction_id": "1038c0544f0b4274a8274b2548c600b4",
              "utterance": "I'd appreciate it if you could check the tracking details for my order under the name John."
            },
            {
              "entities": [
                {
                  "end": 67,
                  "entity_name": "order_number",
                  "role_name": "",
                  "start": 61,
                  "type": "digits",
                  "value": "987123"
                }
              ],
              "generated": true,
              "transaction_id": "1038c0544f0b4274a8274b2548c600b4",
              "utterance": "Could you let me know how my order is doing? The order ID is 987123 and my name is Emily."
            },
            {
              "entities": [
                {
                  "end": 74,
                  "entity_name": "order_number",
                  "role_name": "",
                  "start": 68,
                  "type": "digits",
                  "value": "654321"
                },
                {
                  "end": 95,
                  "entity_name": "first_name",
                  "role_name": "",
                  "start": 90,
                  "type": "person",
                  "value": "Sarah"
                }
              ],
              "generated": true,
              "transaction_id": "7f027c1cf72349578591674bd51ed75c",
              "utterance": "Can you provide me with the status of my order? The order number is 654321 and my name is Sarah."
            },
            {
              "entities": [
                {
                  "end": 46,
                  "entity_name": "order_number",
                  "role_name": "",
                  "start": 40,
                  "type": "digits",
                  "value": "321456"
                },
                {
                  "end": 75,
                  "entity_name": "first_name",
                  "role_name": "",
                  "start": 68,
                  "type": "person",
                  "value": "Michael"
                }
              ],
              "generated": true,
              "transaction_id": "7f027c1cf72349578591674bd51ed75c",
              "utterance": "I need assistance tracking my order, ID 321456. It's under the name Michael."
            },
            {
              "entities": [
                {
                  "end": 67,
                  "entity_name": "order_number",
                  "role_name": "",
                  "start": 61,
                  "type": "digits",
                  "value": "789234"
                },
                {
                  "end": 83,
                  "entity_name": "first_name",
                  "role_name": "",
                  "start": 76,
                  "type": "person",
                  "value": "Jessica"
                }
              ],
              "generated": true,
              "transaction_id": "7f027c1cf72349578591674bd51ed75c",
              "utterance": "Hey, could you help me check on my order? My order number is 789234 and I'm Jessica."
            },
            {
              "entities": [
                {
                  "end": 51,
                  "entity_name": "order_number",
                  "role_name": "",
                  "start": 45,
                  "type": "digits",
                  "value": "234567"
                },
                {
                  "end": 82,
                  "entity_name": "first_name",
                  "role_name": "",
                  "start": 77,
                  "type": "person",
                  "value": "David"
                }
              ],
              "generated": true,
              "transaction_id": "7f027c1cf72349578591674bd51ed75c",
              "utterance": "I would like to verify the location of order 234567. It's for a person named David."
            },
            {
              "entities": [
                {
                  "end": 37,
                  "entity_name": "order_number",
                  "role_name": "",
                  "start": 31,
                  "type": "digits",
                  "value": "567890"
                }
              ],
              "generated": true,
              "transaction_id": "7f027c1cf72349578591674bd51ed75c",
              "utterance": "Can you tell me where my order 567890 is? My first name is Lisa."
            },
            {
              "entities": [
                {
                  "end": 63,
                  "entity_name": "order_number",
                  "role_name": "",
                  "start": 57,
                  "type": "digits",
                  "value": "135724"
                }
              ],
              "generated": true,
              "transaction_id": "7f027c1cf72349578591674bd51ed75c",
              "utterance": "Could you check the progress of my order with the number 135724? My name is Chris."
            },
            {
              "entities": [
                {
                  "end": 46,
                  "entity_name": "order_number",
                  "role_name": "",
                  "start": 40,
                  "type": "digits",
                  "value": "987654"
                }
              ],
              "generated": true,
              "transaction_id": "7f027c1cf72349578591674bd51ed75c",
              "utterance": "I want to track my order, it’s numbered 987654 and belongs to Olivia."
            },
            {
              "entities": [
                {
                  "end": 49,
                  "entity_name": "order_number",
                  "role_name": "",
                  "start": 43,
                  "type": "digits",
                  "value": "246813"
                }
              ],
              "generated": true,
              "transaction_id": "7f027c1cf72349578591674bd51ed75c",
              "utterance": "Can you help me locate my order? The ID is 246813 and it's for Ethan."
            },
            {
              "entities": [
                {
                  "end": 56,
                  "entity_name": "order_number",
                  "role_name": "",
                  "start": 50,
                  "type": "digits",
                  "value": "864209"
                }
              ],
              "generated": true,
              "transaction_id": "7f027c1cf72349578591674bd51ed75c",
              "utterance": "I’d appreciate your help in tracking order number 864209 for a customer named Ava."
            },
            {
              "entities": [
                {
                  "end": 43,
                  "entity_name": "order_number",
                  "role_name": "",
                  "start": 37,
                  "type": "digits",
                  "value": "159753"
                }
              ],
              "generated": true,
              "transaction_id": "7f027c1cf72349578591674bd51ed75c",
              "utterance": "Please provide an update on my order 159753. The order is placed under the name Noah."
            },
            {
              "entities": [
                {
                  "end": 60,
                  "entity_name": "order_number",
                  "role_name": "",
                  "start": 54,
                  "type": "digits",
                  "value": "789012"
                }
              ],
              "generated": true,
              "transaction_id": "36bebd2cb4484fc8bae930fe591f742d",
              "utterance": "Could you help me track my order? The order number is 789012 and the name is Emily."
            },
            {
              "entities": [
                {
                  "end": 71,
                  "entity_name": "order_number",
                  "role_name": "",
                  "start": 65,
                  "type": "digits",
                  "value": "345678"
                }
              ],
              "generated": true,
              "transaction_id": "36bebd2cb4484fc8bae930fe591f742d",
              "utterance": "I'm trying to find out the status of my order; it's listed under 345678, and I go by the name John."
            },
            {
              "entities": [
                {
                  "end": 55,
                  "entity_name": "order_number",
                  "role_name": "",
                  "start": 49,
                  "type": "digits",
                  "value": "901234"
                }
              ],
              "generated": true,
              "transaction_id": "36bebd2cb4484fc8bae930fe591f742d",
              "utterance": "Hey there! Can you check on my order with number 901234? My first name is Mia."
            },
            {
              "entities": [
                {
                  "end": 69,
                  "entity_name": "order_number",
                  "role_name": "",
                  "start": 63,
                  "type": "digits",
                  "value": "456789"
                },
                {
                  "end": 90,
                  "entity_name": "first_name",
                  "role_name": "",
                  "start": 86,
                  "type": "person",
                  "value": "Liam"
                }
              ],
              "generated": true,
              "transaction_id": "36bebd2cb4484fc8bae930fe591f742d",
              "utterance": "I need to verify the status of my order, please. The number is 456789, and my name is Liam."
            },
            {
              "entities": [
                {
                  "end": 57,
                  "entity_name": "order_number",
                  "role_name": "",
                  "start": 51,
                  "type": "digits",
                  "value": "123890"
                },
                {
                  "end": 82,
                  "entity_name": "pickup_address",
                  "role_name": "",
                  "start": 76,
                  "type": "geo_location",
                  "value": "Olivia"
                }
              ],
              "generated": true,
              "transaction_id": "36bebd2cb4484fc8bae930fe591f742d",
              "utterance": "Would you mind giving me an update on order number 123890? My first name is Olivia."
            }
          ]
        }
      }
    }
  ],
  "language": "en",
  "languages": {
    "en-US": true
  },
  "logo": "https://aiagent.webexbotbuilder.com/static/assets/img/bot-logo/default-mlbot.svg",
  "responses": {
    "templates": {
      "Agent handover": {
        "updated_at": 1745244633429,
        "variants": {
          "en-US": {
            "logic": "",
            "paths": {
              "configurable": [],
              "default": {
                "actions": {
                  "voice": [
                    {
                      "speech_settings": {
                        "allow_dtmf": false,
                        "barge_in": false,
                        "dtmf_config": {
                          "allow_voice": true,
                          "dtmf_length": null,
                          "inter_digit_timeout_in_ms": 5000,
                          "termchar": ""
                        },
                        "timeout_in_ms": 5000,
                        "timeout_response": "Please configure your timeout response"
                      },
                      "text": [
                        "Please wait while we connect you with an agent who can help you."
                      ],
                      "type": "response"
                    }
                  ],
                  "web": [
                    {
                      "text": [
                        "Please wait while I redirect you to one of our team member."
                      ],
                      "type": "response"
                    }
                  ]
                }
              }
            },
            "response_type": "paths",
            "send_response_in_default_language": false
          }
        }
      },
      "Entity suggestion": {
        "variants": {
          "en-US": {
            "logic": "",
            "paths": {
              "configurable": [],
              "default": {
                "actions": {
                  "web": [
                    {
                      "text": [
                        "Choose one of the following or provide your own"
                      ],
                      "type": "response"
                    }
                  ]
                }
              }
            },
            "response_type": "paths",
            "send_response_in_default_language": false
          }
        }
      },
      "Fallback message": {
        "variants": {
          "en-US": {
            "logic": "",
            "paths": {
              "configurable": [],
              "default": {
                "actions": {
                  "web": [
                    {
                      "text": [
                        "Sorry, I am unable to understand your message. Could you please rephrase it?"
                      ],
                      "type": "response"
                    }
                  ]
                }
              }
            },
            "response_type": "paths",
            "send_response_in_default_language": false
          }
        }
      },
      "Goodbye": {
        "variants": {
          "en-US": {
            "logic": "",
            "paths": {
              "configurable": [],
              "default": {
                "actions": {
                  "web": [
                    {
                      "text": [
                        "Goodbye and take care!"
                      ],
                      "type": "response"
                    }
                  ]
                }
              }
            },
            "response_type": "paths",
            "send_response_in_default_language": false
          }
        }
      },
      "Greetings": {
        "variants": {
          "en-US": {
            "logic": "",
            "paths": {
              "configurable": [],
              "default": {
                "actions": {
                  "web": [
                    {
                      "text": [
                        "Hello there."
                      ],
                      "type": "response"
                    }
                  ]
                }
              }
            },
            "response_type": "paths",
            "send_response_in_default_language": false
          }
        }
      },
      "Help message": {
        "variants": {
          "en-US": {
            "logic": "",
            "paths": {
              "configurable": [],
              "default": {
                "actions": {
                  "web": [
                    {
                      "text": [
                        "Hey, this is one of the sample intents which can be recognised. Intents are the user scenarios or flows which the bot can complete, while entities are the parameter which are required to complete and intent. Go ahead and configure a new intent to get started."
                      ],
                      "type": "response"
                    }
                  ]
                }
              }
            },
            "response_type": "paths",
            "send_response_in_default_language": false
          }
        }
      },
      "Not helpful": {
        "variants": {
          "en-US": {
            "logic": "",
            "paths": {
              "configurable": [],
              "default": {
                "actions": {
                  "web": [
                    {
                      "text": [
                        "Sorry,  I hear that wasn't able to help you. Please try asking a different question."
                      ],
                      "type": "response"
                    }
                  ]
                }
              }
            },
            "response_type": "paths",
            "send_response_in_default_language": false
          }
        }
      },
      "Partial match": {
        "variants": {
          "en-US": {
            "logic": "",
            "paths": {
              "configurable": [],
              "default": {
                "actions": {
                  "web": [
                    {
                      "text": [
                        "Sorry, I was unable to understand your query accurately. Could you select which intent you were referring to?"
                      ],
                      "type": "response"
                    }
                  ]
                }
              }
            },
            "response_type": "paths",
            "send_response_in_default_language": false
          }
        }
      },
      "Response suggestion": {
        "variants": {
          "en-US": {
            "logic": "",
            "paths": {
              "configurable": [],
              "default": {
                "actions": {
                  "web": [
                    {
                      "text": [
                        "You can also see the results for"
                      ],
                      "type": "response"
                    }
                  ]
                }
              }
            },
            "response_type": "paths",
            "send_response_in_default_language": false
          }
        }
      },
      "Thank you": {
        "variants": {
          "en-US": {
            "logic": "",
            "paths": {
              "configurable": [],
              "default": {
                "actions": {
                  "web": [
                    {
                      "text": [
                        "You're welcome, take care!"
                      ],
                      "type": "response"
                    }
                  ]
                }
              }
            },
            "response_type": "paths",
            "send_response_in_default_language": false
          }
        }
      },
      "Welcome message": {
        "updated_at": 1745608550752,
        "variants": {
          "en-US": {
            "logic": "",
            "paths": {
              "configurable": [],
              "default": {
                "actions": {
                  "voice": [
                    {
                      "speech_settings": {
                        "allow_dtmf": true,
                        "barge_in": true,
                        "dtmf_config": {
                          "allow_voice": true,
                          "dtmf_length": 10,
                          "inter_digit_timeout_in_ms": 5000,
                          "termchar": ""
                        },
                        "timeout_in_ms": 5000,
                        "timeout_response": "Please configure your timeout response"
                      },
                      "text": [
                        "Hello ${eventStore.name}, I see you are in ${eventStore.place} . I am a Tracker bot. I can help you track your packages. How can I help you today? To get started, please ask me to track an order number."
                      ],
                      "type": "response"
                    }
                  ],
                  "web": [
                    {
                      "text": [
                        "Hello ${eventStore.name}, I am a Tracker bot. I can help you track your packages. How can I help you today? To get started, please ask me to track an order number."
                      ],
                      "type": "response"
                    }
                  ]
                }
              }
            },
            "response_type": "paths",
            "send_response_in_default_language": false
          }
        }
      },
      "first_name": {
        "updated_at": 1745007131673,
        "variants": {
          "en-US": {
            "logic": "",
            "paths": {
              "configurable": [],
              "default": {
                "actions": {
                  "voice": [
                    {
                      "speech_settings": {
                        "allow_dtmf": false,
                        "barge_in": true,
                        "dtmf_config": {
                          "allow_voice": true,
                          "dtmf_length": null,
                          "inter_digit_timeout_in_ms": 5000,
                          "termchar": ""
                        },
                        "timeout_in_ms": 5000,
                        "timeout_response": "Please configure your timeout response"
                      },
                      "text": [
                        "Please provide your first name."
                      ],
                      "type": "response"
                    }
                  ],
                  "web": [
                    {
                      "text": [
                        "Please provide your first name."
                      ],
                      "type": "response"
                    }
                  ]
                }
              }
            },
            "response_type": "paths",
            "send_response_in_default_language": false
          }
        }
      },
      "order_number": {
        "updated_at": 1745929809191,
        "variants": {
          "en-US": {
            "logic": "",
            "paths": {
              "configurable": [],
              "default": {
                "actions": {
                  "voice": [
                    {
                      "speech_settings": {
                        "allow_dtmf": true,
                        "barge_in": true,
                        "dtmf_config": {
                          "allow_voice": true,
                          "dtmf_length": 6,
                          "inter_digit_timeout_in_ms": 5000,
                          "termchar": "#"
                        },
                        "event_name": "",
                        "timeout_in_ms": 5000,
                        "timeout_response": "Please configure your timeout response"
                      },
                      "text": [
                        "Please provide your six digit order number."
                      ],
                      "type": "response"
                    }
                  ],
                  "web": [
                    {
                      "text": [
                        "Please provide your six digit order number."
                      ],
                      "type": "response"
                    }
                  ]
                }
              }
            },
            "response_type": "paths",
            "send_response_in_default_language": false
          }
        }
      },
      "return_tracking_data": {
        "updated_at": 1745009067249,
        "variants": {
          "en-US": {
            "logic": "",
            "paths": {
              "configurable": [],
              "default": {
                "actions": {
                  "voice": [
                    {
                      "speech_settings": {
                        "allow_dtmf": false,
                        "barge_in": false,
                        "dtmf_config": {
                          "allow_voice": true,
                          "dtmf_length": null,
                          "inter_digit_timeout_in_ms": 5000,
                          "termchar": ""
                        },
                        "timeout_in_ms": 5000,
                        "timeout_response": "Please configure your timeout response"
                      },
                      "text": [
                        "Here is your order data:"
                      ],
                      "type": "response"
                    },
                    {
                      "payload": [
                        {
                          "Execute_Request": {
                            "Data": {
                              "Params": {
                                "order_number": "${entity.order_number}"
                              }
                            },
                            "Event_Name": "order_details"
                          }
                        }
                      ],
                      "type": "response"
                    }
                  ],
                  "web": [
                    {
                      "text": [
                        "Here is your order Details"
                      ],
                      "type": "response"
                    },
                    {
                      "function_code": [
                        "{\"order_number\": \"${entity.order_number}\" }\n"
                      ],
                      "stream": false,
                      "type": "response"
                    }
                  ]
                }
              }
            },
            "response_type": "paths",
            "send_response_in_default_language": false
          }
        }
      },
      "track_order_results": {
        "updated_at": 1745608313795,
        "variants": {
          "en-US": {
            "logic": "",
            "paths": {
              "configurable": [],
              "default": {
                "actions": {
                  "voice": [
                    {
                      "speech_settings": {
                        "allow_dtmf": true,
                        "barge_in": true,
                        "dtmf_config": {
                          "allow_voice": true,
                          "dtmf_length": null,
                          "inter_digit_timeout_in_ms": 5000,
                          "termchar": ""
                        },
                        "timeout_in_ms": 5000,
                        "timeout_response": "Please configure your timeout response"
                      },
                      "text": [
                        "We have found your order.  ${eventStore.order_status}  Do you need anything else?"
                      ],
                      "type": "response"
                    }
                  ],
                  "web": [
                    {
                      "text": [
                        "Please configure your message."
                      ],
                      "type": "response"
                    }
                  ]
                }
              }
            },
            "response_type": "paths",
            "send_response_in_default_language": false
          }
        }
      },
      "track_order_wait": {
        "updated_at": 1745929732914,
        "variants": {
          "en-US": {
            "logic": "",
            "paths": {
              "configurable": [],
              "default": {
                "actions": {
                  "voice": [
                    {
                      "speech_settings": {
                        "allow_dtmf": false,
                        "barge_in": false,
                        "dtmf_config": {
                          "allow_voice": true,
                          "dtmf_length": null,
                          "inter_digit_timeout_in_ms": 5000,
                          "termchar": ""
                        },
                        "event_name": "",
                        "timeout_in_ms": 5000,
                        "timeout_response": "Please configure your timeout response"
                      },
                      "text": [
                        "Please wait while I track your order. "
                      ],
                      "type": "response"
                    },
                    {
                      "payload": [
                        {
                          "Execute_Request": {
                            "Data": {
                              "Params": {
                                "Execute_Request": {
                                  "Data": {
                                    "Params": {
                                      "first_name": "${entity.first_name}",
                                      "order_number": "${entity.order_number}"
                                    }
                                  },
                                  "Event_Name": "custom_event"
                                }
                              }
                            },
                            "Event_Name": "custom_event"
                          }
                        }
                      ],
                      "type": "response"
                    }
                  ],
                  "web": [
                    {
                      "text": [
                        "Please wait while I track your order."
                      ],
                      "type": "response"
                    },
                    {
                      "function_code": [
                        "{\"Execute_Request\": (\"Data\": {\"first_name\":\"${entity.first_name}\",\"order_number\":\"${entity.order_number}\"}}, \"Event _Name\" :\"custom_event\"})|\n\n"
                      ],
                      "stream": false,
                      "type": "response"
                    }
                  ]
                }
              }
            },
            "response_type": "paths",
            "send_response_in_default_language": false
          }
        }
      }
    },
    "workflow": {
      "events": {
        "Reset context": {
          "action": {
            "type": "reset_context"
          }
        },
        "Reset slots": {
          "action": {
            "type": "reset_slots"
          }
        },
        "return_data": {
          "action": {
            "template": "return_tracking_data",
            "type": "response"
          }
        },
        "track_order_results": {
          "action": {
            "template": "track_order_results",
            "type": "response"
          }
        },
        "welcome_event": {
          "action": {
            "template": "Welcome message",
            "type": "response"
          }
        }
      },
      "logic": "",
      "static_events": [
        "Reset slots",
        "Reset context"
      ],
      "type": "workflow_event"
    }
  },
  "test_cases": [
    {
      "callbacks": [],
      "child_template": false,
      "expected_language": "en-US",
      "expected_template": "Template to match with",
      "intent": "",
      "is_selected": true,
      "new_room": true,
      "user_message": "The message to test on"
    }
  ],
  "test_cases_callbacks": false,
  "test_cases_partial_match_success": true,
  "voice_settings": {
    "voices": []
  },
  "transaction_id": "f7e0cead410e4a908dc826239e0636c3"
}